{
  "assetsByChunkName": {
    "vendors~app-account~app-confirmation~app-order": "chunk.9afc8de4f21e8fb5c1ef.js",
    "vendors~app-account~app-checkout": "chunk.a8ae7048727ab55b5610.js",
    "vendors~app-cart~app-checkout": "chunk.4037d701cf361400a74e.js",
    "admin": [
      "admin.683210d6d97f3a9109e8.js",
      "admin.683210d6d97f3a9109e8.js.map"
    ],
    "app-account": "chunk.36c0e3bd0cfd8f85deb3.js",
    "app-checkout": "chunk.1652036dec0ae3f41007.js",
    "app-confirmation": "chunk.4a305d948a8673df248e.js",
    "checkout": [
      "checkout.9aef1bea129420ebb311.js",
      "checkout.9aef1bea129420ebb311.js.map"
    ],
    "storefront": [
      "storefront.44ab5affad2f08d09f6b.css",
      "storefront.edcad294763a6d2e2b1f.js",
      "storefront.44ab5affad2f08d09f6b.css.map",
      "storefront.edcad294763a6d2e2b1f.js.map"
    ],
    "vendors~app-cart": "chunk.9c9a00736af8faf99c1f.js",
    "vendors~app-order": "chunk.758fa1128b82c0d9fca9.js"
  }
}