{
  "meta_title": "Vênus Nails - A Marca de Produtos para Unhas que Empodera Nail Designers",
  "meta_description": "✨ Vênus é a marca que transforma criatividade em arte nas mãos de quem ousa criar. Com produtos acessíveis e qualidade profissional, empoderamos nail designers e manicures a contarem histórias únicas — pincelada por pincelada. 💜",
  "sections": [
    {
      "type": "banner-slider",
      "autoplay": 9000,
      "full_width": false,
      "slides": []
    },
    {
      "type": "info-bar",
      "enabled": true
    },
    {
      "type": "collection-shelf",
      "shuffle": true,
      "collection_id": null,
      "sort": "offers",
      "title": "",
      "headless": false,
      "limit": 12,
      "page": 1
    },
    {
      "type": "page-title",
      "title": "Vênus Nails",
      "description": "✨ Vênus é a marca que transforma criatividade em arte nas mãos de quem ousa criar. Com produtos acessíveis e qualidade profissional, empoderamos nail designers e manicures a contarem histórias únicas — pincelada por pincelada. 💜"
    }
  ]
}